test01@gmail.com,testtest,1,工藤光臣,male,67,https://placehold.jp/500x500.png,testtest,10209232533839089,2016-04-2602:43:49,2016-04-2602:43:49,株式会社電通
test02@gmail.com,testtest,1,阪本優,male,24,https://placehold.jp/500x500.png,testtest,10209232533839089,2016-04-2602:43:49,2016-04-2602:43:49,NEC
test03@gmail.com,testtest,1,門田丈史,male,24,https://placehold.jp/500x500.png,testtest,10209232533839089,2016-04-2602:43:49,2016-04-2602:43:49,ヒカリエ
test04@gmail.com,testtest,1,邑野一輝,male,23,https://placehold.jp/500x500.png,testtest,10209232533839089,2016-04-2602:43:49,2016-04-2602:43:49,事務
test05@gmail.com,testtest,1,西井あや子,female,28,https://placehold.jp/500x500.png,testtest,10209232533839089,2016-04-2602:43:49,2016-04-2602:43:49,八百屋
test06@gmail.com,testtest,1,紺野ヒカル,female,20,https://placehold.jp/500x500.png,testtest,10209232533839089,2016-04-2602:43:49,2016-04-2602:43:49,クリーニング屋
test07@gmail.com,testtest,1,栗山玲那,female,70,https://placehold.jp/500x500.png,testtest,10209232533839089,2016-04-2602:43:49,2016-04-2602:43:49,ピザ屋
test08@gmail.com,testtest,1,渡辺沙知絵,female,56,https://placehold.jp/500x500.png,testtest,10209232533839089,2016-04-2602:43:49,2016-04-2602:43:49,古着屋
test09@gmail.com,testtest,1,島村聖陽,male,67,https://placehold.jp/500x500.png,testtest,10209232533839089,2016-04-2602:43:49,2016-04-2602:43:49,レストラン経営
test10@gmail.com,testtest,1,高見彩華,female,70,https://placehold.jp/500x500.png,testtest,10209232533839089,2016-04-2602:43:49,2016-04-2602:43:49,無職
test11@gmail.com,testtest,1,西原和香,female,66,https://placehold.jp/500x500.png,testtest,10209232533839089,2016-04-2602:43:49,2016-04-2602:43:49,パティシエ
test12@gmail.com,testtest,1,浅井直人,male,51,https://placehold.jp/500x500.png,testtest,10209232533839089,2016-04-2602:43:49,2016-04-2602:43:49,エンジニア
test13@gmail.com,testtest,1,三船大,male,75,https://placehold.jp/500x500.png,testtest,10209232533839089,2016-04-2602:43:49,2016-04-2602:43:49,博報堂
test14@gmail.com,testtest,1,黄川田満,male,39,https://placehold.jp/500x500.png,testtest,10209232533839089,2016-04-2602:43:49,2016-04-2602:43:49,建築事務所
test15@gmail.com,testtest,1,望月ケンイチ,male,59,https://placehold.jp/500x500.png,testtest,10209232533839089,2016-04-2602:43:49,2016-04-2602:43:49,アトリエ
test16@gmail.com,testtest,1,横尾建,male,78,https://placehold.jp/500x500.png,testtest,10209232533839089,2016-04-2602:43:49,2016-04-2602:43:49,アーティスト
test18@gmail.com,testtest,1,中根直人,male,22,https://placehold.jp/500x500.png,testtest,10209232533839089,2016-04-2602:43:49,2016-04-2602:43:49,家電量販店
test19@gmail.com,testtest,1,赤坂さやか,female,21,https://placehold.jp/500x500.png,testtest,10209232533839089,2016-04-2602:43:49,2016-04-2602:43:49,カフェ
test20@gmail.com,testtest,1,川村裕司,male,73,https://placehold.jp/500x500.png,testtest,10209232533839089,2016-04-2602:43:49,2016-04-2602:43:49,弁護士
test01@gmail.com,testtest,1,前川亜希,female,35,https://placehold.jp/500x500.png,testtest,10209232533839089,2016-04-2602:43:49,2016-04-2602:43:49,教師
